{"cameraMode":{"drawMode":0,"name":"Shaded","section":"Shading Mode"},"sceneLighting":false,"audioPlay":false,"sceneViewState":{"showFog":true,"showMaterialUpdate":true,"showSkybox":true,"showFlares":true,"showImageEffects":true,"showParticleSystems":true},"in2DMode":false,"pivot":{"x":0.005406856536865234,"y":-0.09453868865966797,"z":42.66862869262695},"rotation":{"x":-0.18955443799495698,"y":-0.1256907433271408,"z":0.024472884833812715,"w":-0.9734941124916077},"size":10.0,"orthographic":false}