{"cameraMode":{"drawMode":0,"name":"Shaded","section":"Shading Mode"},"sceneLighting":false,"audioPlay":false,"sceneViewState":{"showFog":true,"showMaterialUpdate":true,"showSkybox":false,"showFlares":true,"showImageEffects":true,"showParticleSystems":true},"in2DMode":false,"pivot":{"x":2.0657057762145998,"y":-1.8299999237060547,"z":40.11000061035156},"rotation":{"x":-0.18955443799495698,"y":-0.1256907433271408,"z":0.024472884833812715,"w":-0.9734941124916077},"size":0.8660253882408142,"orthographic":false}