{"cameraMode":{"drawMode":0,"name":"Shaded","section":"Shading Mode"},"sceneLighting":false,"audioPlay":false,"sceneViewState":{"showFog":true,"showMaterialUpdate":true,"showSkybox":true,"showFlares":true,"showImageEffects":true,"showParticleSystems":true},"in2DMode":false,"pivot":{"x":31.042160034179689,"y":5.787308692932129,"z":-18.379810333251954},"rotation":{"x":-0.13440938293933869,"y":0.4530472457408905,"z":-0.0693114846944809,"w":-0.8785768151283264},"size":1.207395076751709,"orthographic":false}