{"cameraMode":{"drawMode":0,"name":"Shaded","section":"Shading Mode"},"sceneLighting":false,"audioPlay":false,"sceneViewState":{"showFog":true,"showMaterialUpdate":true,"showSkybox":true,"showFlares":true,"showImageEffects":true,"showParticleSystems":true},"in2DMode":false,"pivot":{"x":-59.06739044189453,"y":3.7889938354492189,"z":19.553558349609376},"rotation":{"x":-0.1656632125377655,"y":0.5571974515914917,"z":-0.11457838863134384,"w":-0.8056091666221619},"size":53.42608642578125,"orthographic":false}