{"cameraMode":{"drawMode":0,"name":"Shaded","section":"Shading Mode"},"sceneLighting":false,"audioPlay":false,"sceneViewState":{"showFog":true,"showMaterialUpdate":true,"showSkybox":true,"showFlares":true,"showImageEffects":true,"showParticleSystems":true},"in2DMode":false,"pivot":{"x":-43.85503387451172,"y":27.87431526184082,"z":11.534526824951172},"rotation":{"x":-0.09803459048271179,"y":0.4673704504966736,"z":-0.05223332718014717,"w":-0.8770791888237},"size":62.75929260253906,"orthographic":false}