{"cameraMode":{"drawMode":0,"name":"Shaded","section":"Shading Mode"},"sceneLighting":false,"audioPlay":false,"sceneViewState":{"showFog":true,"showMaterialUpdate":true,"showSkybox":true,"showFlares":true,"showImageEffects":true,"showParticleSystems":true},"in2DMode":false,"pivot":{"x":-12.605494499206543,"y":-9.258720397949219,"z":52.80854034423828},"rotation":{"x":-0.28474730253219607,"y":0.12521705031394959,"z":-0.03754344582557678,"w":-0.9496671557426453},"size":35.076454162597659,"orthographic":false}