{"cameraMode":{"drawMode":0,"name":"Shaded","section":"Shading Mode"},"sceneLighting":false,"audioPlay":false,"sceneViewState":{"showFog":true,"showMaterialUpdate":true,"showSkybox":true,"showFlares":true,"showImageEffects":true,"showParticleSystems":true},"in2DMode":false,"pivot":{"x":9.635912895202637,"y":12.211797714233399,"z":-48.3306884765625},"rotation":{"x":-0.18955443799495698,"y":-0.1256907433271408,"z":0.024472884833812715,"w":-0.9734941124916077},"size":10.0,"orthographic":false}